{
    "insertion_time": 5.963768243789673,
    "index_creation": {
        "func": null,
        "time": 1.1920928955078125e-06
    },
    "query_results": {
        "0": {
            "execution_time": 0.10642385482788086,
            "results": []
        },
        "1": {
            "execution_time": 0.10278487205505371,
            "results": []
        },
        "2": {
            "execution_time": 0.10598158836364746,
            "results": [
                {
                    "id": 1306530082,
                    "tags": {
                        "colour": "red",
                        "amenity": "bench",
                        "backrest": "yes",
                        "material": "wood",
                        "check_date": "2023-09-01"
                    },
                    "distance": 895.53023426
                },
                {
                    "id": 10541727119,
                    "tags": {
                        "amenity": "bench",
                        "backrest": "no"
                    },
                    "distance": 1314.75263326
                },
                {
                    "id": 6017238586,
                    "tags": {
                        "amenity": "bench"
                    },
                    "distance": 1651.42789198
                }
            ]
        },
        "3": {
            "execution_time": 0.10364103317260742,
            "results": []
        },
        "4": {
            "execution_time": 0.1035912036895752,
            "results": []
        },
        "5": {
            "execution_time": 0.10216665267944336,
            "results": []
        },
        "6": {
            "execution_time": 0.10950875282287598,
            "results": []
        },
        "7": {
            "execution_time": 0.1008150577545166,
            "results": []
        },
        "8": {
            "execution_time": 0.10302543640136719,
            "results": []
        },
        "9": {
            "execution_time": 0.10080814361572266,
            "results": []
        },
        "10": {
            "execution_time": 0.10216856002807617,
            "results": []
        },
        "11": {
            "execution_time": 0.1014566421508789,
            "results": []
        },
        "12": {
            "execution_time": 0.10257744789123535,
            "results": []
        },
        "13": {
            "execution_time": 0.10459065437316895,
            "results": []
        },
        "14": {
            "execution_time": 0.10487079620361328,
            "results": []
        },
        "15": {
            "execution_time": 0.10140013694763184,
            "results": [
                {
                    "id": 9724971908,
                    "tags": {
                        "amenity": "bench"
                    },
                    "distance": 908.08943484
                },
                {
                    "id": 9063440990,
                    "tags": {
                        "amenity": "bench"
                    },
                    "distance": 1376.90967871
                }
            ]
        },
        "16": {
            "execution_time": 0.10251283645629883,
            "results": []
        },
        "17": {
            "execution_time": 0.10054922103881836,
            "results": []
        },
        "18": {
            "execution_time": 0.10423946380615234,
            "results": []
        },
        "19": {
            "execution_time": 0.10395216941833496,
            "results": []
        },
        "20": {
            "execution_time": 0.10443234443664551,
            "results": []
        },
        "21": {
            "execution_time": 0.10471057891845703,
            "results": []
        },
        "22": {
            "execution_time": 0.10124087333679199,
            "results": []
        },
        "23": {
            "execution_time": 0.10645222663879395,
            "results": []
        },
        "24": {
            "execution_time": 0.10002017021179199,
            "results": []
        },
        "25": {
            "execution_time": 0.10062313079833984,
            "results": []
        },
        "26": {
            "execution_time": 0.10124945640563965,
            "results": []
        },
        "27": {
            "execution_time": 0.10061979293823242,
            "results": [
                {
                    "id": 9085598413,
                    "tags": {
                        "name": "Mitcham Social",
                        "phone": "+61 3 9872 5907",
                        "amenity": "restaurant",
                        "website": "https://www.mitchamsocial.com.au/",
                        "addr:state": "VIC",
                        "addr:street": "Thornton Crescent",
                        "addr:suburb": "Mitcham",
                        "addr:postcode": "3132",
                        "opening_hours": "Th-Sa 12:00-23:00; Su 12:00-22:00",
                        "outdoor_seating": "yes",
                        "addr:housenumber": "1"
                    },
                    "distance": 1103.89860331
                }
            ]
        },
        "28": {
            "execution_time": 0.1028900146484375,
            "results": []
        },
        "29": {
            "execution_time": 0.1004343032836914,
            "results": []
        },
        "30": {
            "execution_time": 0.10533809661865234,
            "results": []
        },
        "31": {
            "execution_time": 0.10097932815551758,
            "results": [
                {
                    "id": 6359672659,
                    "tags": {
                        "name": "Heatherhill Pizza Factory",
                        "amenity": "fast_food",
                        "cuisine": "pizza",
                        "opening_hours": "Tu-Th,Su 17:00-20:30; Fr,Sa 17:00-21:00"
                    },
                    "distance": 618.59031533
                },
                {
                    "id": 6359672940,
                    "tags": {
                        "name": "Sawadekaa",
                        "amenity": "fast_food",
                        "cuisine": "thai",
                        "opening_hours": "We-Su 16:30-21:00"
                    },
                    "distance": 625.49215834
                },
                {
                    "id": 8320158359,
                    "tags": {
                        "name": "Monster Kebab",
                        "phone": "+61 422 684 051",
                        "amenity": "fast_food",
                        "cuisine": "kebab",
                        "website": "https://monsterkebab.com/",
                        "addr:state": "VIC",
                        "addr:street": "Frankston-Flinders Road",
                        "addr:suburb": "Frankston",
                        "addr:postcode": "3199",
                        "addr:housenumber": "38"
                    },
                    "distance": 1314.5153543
                }
            ]
        },
        "32": {
            "execution_time": 0.10431027412414551,
            "results": [
                {
                    "id": 8991632829,
                    "tags": {
                        "seats": "2",
                        "amenity": "bench",
                        "backrest": "yes",
                        "material": "wood"
                    },
                    "distance": 565.29444728
                }
            ]
        },
        "33": {
            "execution_time": 0.10442662239074707,
            "results": []
        },
        "34": {
            "execution_time": 0.10142731666564941,
            "results": [
                {
                    "id": 4256809601,
                    "tags": {
                        "name": "Sandringham Medical Centre",
                        "amenity": "doctors",
                        "addr:street": "Bay Road",